{
	"credit": "Made with Blockbench",
	"textures": {
		"0": "thing:./wood_stump",
		"1": "thing:./wood_blade",
		"2": "thing:./leaf",
		"particle": "thing:./wood_stump"
	},
	"elements": [
		{
			"from": [7, 8, 1],
			"to": [9, 9, 17],
			"faces": {
				"north": {"uv": [0, 0, 2, 1], "texture": "#1"},
				"east": {"uv": [0, 0, 16, 1], "texture": "#1"},
				"south": {"uv": [0, 0, 2, 1], "texture": "#1"},
				"west": {"uv": [0, 0, 16, 1], "texture": "#1"},
				"up": {"uv": [0, 0, 2, 16], "texture": "#1"},
				"down": {"uv": [0, 0, 2, 16], "texture": "#1"}
			}
		},
		{
			"from": [7.5, 8, 1],
			"to": [8.5, 10, 2],
			"rotation": {"angle": -22.5, "axis": "x", "origin": [7.5, 10, 1.5]},
			"faces": {
				"north": {"uv": [0, 0, 1, 2], "texture": "#2"},
				"east": {"uv": [0, 0, 1, 2], "texture": "#2"},
				"south": {"uv": [0, 0, 1, 2], "texture": "#2"},
				"west": {"uv": [0, 0, 1, 2], "texture": "#2"},
				"up": {"uv": [0, 0, 1, 1], "texture": "#2"},
				"down": {"uv": [0, 0, 1, 1], "texture": "#2"}
			}
		},
		{
			"from": [7.5, 8.9728, 10.9385],
			"to": [8.5, 10.9728, 11.9385],
			"rotation": {"angle": 22.5, "axis": "x", "origin": [8, 9.9728, 11.4385]},
			"faces": {
				"north": {"uv": [10, 4, 11, 6], "texture": "#2"},
				"east": {"uv": [7, 11, 8, 13], "texture": "#2"},
				"south": {"uv": [7, 1, 8, 3], "texture": "#2"},
				"west": {"uv": [4, 4, 5, 6], "texture": "#2"},
				"up": {"uv": [5, 3, 6, 4], "texture": "#2"},
				"down": {"uv": [6, 8, 7, 9], "texture": "#2"}
			}
		},
		{
			"from": [12.46194, 16.78146, 6.6385],
			"to": [16.46194, 18.78146, 7.6385],
			"rotation": {"angle": 45, "axis": "z", "origin": [13.46194, 15.78146, 7.1385]},
			"faces": {
				"north": {"uv": [0, 0, 4, 2], "texture": "#2"},
				"east": {"uv": [0, 0, 1, 2], "texture": "#2"},
				"south": {"uv": [0, 0, 4, 2], "texture": "#2"},
				"west": {"uv": [0, 0, 1, 2], "texture": "#2"},
				"up": {"uv": [0, 0, 4, 1], "texture": "#2"},
				"down": {"uv": [0, 0, 4, 1], "texture": "#2"}
			}
		},
		{
			"from": [8.23097, 15.09567, 6],
			"to": [12.23097, 17.09567, 8],
			"rotation": {"angle": 22.5, "axis": "z", "origin": [10.23097, 16.09567, 7]},
			"faces": {
				"north": {"uv": [0, 0, 2, 4], "rotation": 270, "texture": "#1"},
				"east": {"uv": [0, 0, 2, 2], "rotation": 90, "texture": "#1"},
				"south": {"uv": [0, 0, 2, 4], "rotation": 90, "texture": "#1"},
				"west": {"uv": [0, 0, 2, 2], "rotation": 90, "texture": "#1"},
				"up": {"uv": [0, 0, 2, 4], "rotation": 90, "texture": "#1"},
				"down": {"uv": [0, 0, 2, 4], "rotation": 90, "texture": "#1"}
			}
		},
		{
			"from": [5.73097, 11.09567, 8],
			"to": [7.73097, 15.09567, 10],
			"rotation": {"angle": 45, "axis": "z", "origin": [5.23097, 13.09567, 7]},
			"faces": {
				"north": {"uv": [0, 0, 2, 4], "texture": "#0"},
				"east": {"uv": [0, 0, 2, 4], "texture": "#0"},
				"south": {"uv": [0, 0, 2, 4], "texture": "#0"},
				"west": {"uv": [0, 0, 2, 4], "texture": "#0"},
				"up": {"uv": [0, 0, 2, 2], "texture": "#0"},
				"down": {"uv": [0, 0, 2, 2], "texture": "#0"}
			}
		},
		{
			"from": [7, 9, 5],
			"to": [9, 21, 11],
			"faces": {
				"north": {"uv": [0, 0, 2, 12], "texture": "#1"},
				"east": {"uv": [0, 0, 6, 12], "texture": "#1"},
				"south": {"uv": [0, 0, 2, 12], "texture": "#1"},
				"west": {"uv": [0, 0, 6, 12], "texture": "#1"},
				"up": {"uv": [0, 0, 2, 6], "texture": "#1"},
				"down": {"uv": [0, 0, 2, 6], "texture": "#1"}
			}
		},
		{
			"from": [7.25, 21, 5.75],
			"to": [8.75, 25, 10.25],
			"faces": {
				"north": {"uv": [7, 0, 9, 4], "texture": "#1"},
				"east": {"uv": [0, 0, 5, 4], "texture": "#1"},
				"south": {"uv": [7, 4, 9, 8], "texture": "#1"},
				"west": {"uv": [0, 4, 5, 8], "texture": "#1"},
				"up": {"uv": [7, 5, 5, 0], "texture": "#1"},
				"down": {"uv": [7, 5, 5, 10], "texture": "#1"}
			}
		},
		{
			"from": [5, -9, 5],
			"to": [11, 2, 11],
			"faces": {
				"north": {"uv": [8, 0, 14, 11], "texture": "#0"},
				"east": {"uv": [5, 2, 11, 13], "texture": "#0"},
				"south": {"uv": [7, 3, 13, 14], "texture": "#0"},
				"west": {"uv": [2, 5, 8, 16], "texture": "#0"},
				"up": {"uv": [3, 6, 9, 12], "texture": "#0"},
				"down": {"uv": [4, 0, 10, 6], "texture": "#0"}
			}
		},
		{
			"from": [6.25, 1, 6.25],
			"to": [9.75, 10, 9.75],
			"faces": {
				"north": {"uv": [0, 0, 2, 13], "texture": "#0"},
				"east": {"uv": [4, 1, 6, 14], "texture": "#0"},
				"south": {"uv": [1, 2, 3, 15], "texture": "#0"},
				"west": {"uv": [3, 2, 5, 15], "texture": "#0"},
				"up": {"uv": [1, 6, 3, 8], "texture": "#0"},
				"down": {"uv": [2, 7, 4, 9], "texture": "#0"}
			}
		}
	],
	"display": {
		"thirdperson_righthand": {
			"translation": [0, 4.25, 2],
			"scale": [0.55, 0.55, 0.55]
		},
		"thirdperson_lefthand": {
			"translation": [0, 4.5, 1.75],
			"scale": [0.55, 0.55, 0.55]
		},
		"firstperson_righthand": {
			"rotation": [0, -90, 25],
			"translation": [1.13, 3.2, 1.13],
			"scale": [0.68, 0.68, 0.68]
		},
		"firstperson_lefthand": {
			"rotation": [0, -90, 25],
			"translation": [1.13, 3.2, 1.13],
			"scale": [0.68, 0.68, 0.68]
		},
		"ground": {
			"rotation": [0, 0, -90],
			"translation": [0, -1, 0],
			"scale": [0.3, 0.3, 0.3]
		},
		"gui": {
			"rotation": [32, 29, -40],
			"scale": [0.53, 0.53, 0.53]
		},
		"head": {
			"rotation": [0, 90, 0],
			"translation": [0, 22.5, 0.5],
			"scale": [4, 4, 4]
		},
		"fixed": {
			"rotation": [-90, -180, 0],
			"translation": [0, 0, -63.5],
			"scale": [4, 4, 4]
		}
	},
	"groups": [
		{
			"name": "all",
			"origin": [8, 8, 8],
			"color": 0,
			"children": [
				{
					"name": "branch",
					"origin": [0, 0, 0],
					"color": 0,
					"children": [
						0,
						{
							"name": "leaf",
							"origin": [0, 0, 0],
							"color": 0,
							"children": [1, 2, 3]
						},
						4,
						5
					]
				},
				{
					"name": "blade",
					"origin": [0, 0, 0],
					"color": 0,
					"children": [6, 7]
				},
				{
					"name": "stump",
					"origin": [0, 0, 0],
					"color": 0,
					"children": [8, 9]
				}
			]
		}
	]
}