{
	"credit": "Made with Blockbench",
	"parent": "minecraft:block/orientable",
	"textures": {
		"2": "assets:block/bedrock",
		"3": "assets:block/end_stone",
		"4": "assets:block/lodestone_top",
		"5": "assets:block/magma",
		"6": "assets:block/polished_diorite",
		"particle": "assets:block/bedrock",
		"top": "assets:block/blast_furnace_top",
		"side": "assets:block/blast_furnace_side"
	},
	"elements": [
		{
			"from": [0, 0, 0],
			"to": [16, 4, 16],
			"faces": {
				"north": {"uv": [0, 12, 16, 16], "texture": "#3"},
				"east": {"uv": [0, 12, 16, 16], "texture": "#3"},
				"south": {"uv": [0, 12, 16, 16], "texture": "#3"},
				"west": {"uv": [0, 12, 16, 16], "texture": "#3"},
				"up": {"uv": [0, 0, 16, 16], "texture": "#top"},
				"down": {"uv": [0, 0, 16, 16], "texture": "#3"}
			}
		},
		{
			"from": [0, 13.5, 0],
			"to": [16, 17.5, 16],
			"rotation": {"angle": 45, "axis": "x", "origin": [8, 11, 8]},
			"faces": {
				"north": {"uv": [0, 12, 16, 16], "texture": "#side"},
				"east": {"uv": [0, 12, 16, 16], "texture": "#side"},
				"south": {"uv": [0, 12, 16, 16], "texture": "#side"},
				"west": {"uv": [0, 12, 16, 16], "texture": "#side"},
				"up": {"uv": [0, 0, 16, 16], "texture": "#4"},
				"down": {"uv": [0, 0, 16, 16], "texture": "#6"}
			}
		},
		{
			"from": [4, 4, 4],
			"to": [12, 6, 12],
			"faces": {
				"north": {"uv": [3, 6, 11, 8], "texture": "#5"},
				"east": {"uv": [1, 2, 9, 4], "texture": "#5"},
				"south": {"uv": [0, 10, 8, 12], "texture": "#5"},
				"west": {"uv": [8, 5, 16, 7], "texture": "#5"},
				"up": {"uv": [3, 3, 11, 11], "texture": "#5"},
				"down": {"uv": [6, 6, 14, 14], "texture": "#5"}
			}
		},
		{
			"from": [2, 4, 2],
			"to": [12, 9, 4],
			"faces": {
				"north": {"uv": [0, 0, 10, 5], "texture": "#2"},
				"east": {"uv": [0, 0, 2, 5], "texture": "#2"},
				"south": {"uv": [0, 0, 10, 5], "texture": "#2"},
				"west": {"uv": [0, 0, 2, 5], "texture": "#2"},
				"up": {"uv": [0, 0, 10, 2], "texture": "#2"},
				"down": {"uv": [0, 0, 10, 2], "texture": "#2"}
			}
		},
		{
			"from": [2, 4, 4],
			"to": [4, 9, 14],
			"faces": {
				"north": {"uv": [0, 0, 2, 5], "texture": "#2"},
				"east": {"uv": [0, 0, 10, 5], "texture": "#2"},
				"south": {"uv": [0, 0, 2, 5], "texture": "#2"},
				"west": {"uv": [0, 0, 10, 5], "texture": "#2"},
				"up": {"uv": [0, 0, 2, 10], "texture": "#2"},
				"down": {"uv": [0, 0, 2, 10], "texture": "#2"}
			}
		},
		{
			"from": [4, 4, 12],
			"to": [14, 9, 14],
			"faces": {
				"north": {"uv": [0, 0, 10, 5], "texture": "#2"},
				"east": {"uv": [0, 0, 2, 5], "texture": "#2"},
				"south": {"uv": [0, 0, 10, 5], "texture": "#2"},
				"west": {"uv": [0, 0, 2, 5], "texture": "#2"},
				"up": {"uv": [0, 0, 10, 2], "texture": "#2"},
				"down": {"uv": [0, 0, 10, 2], "texture": "#2"}
			}
		},
		{
			"from": [12, 4, 2],
			"to": [14, 9, 12],
			"faces": {
				"north": {"uv": [0, 0, 2, 5], "texture": "#2"},
				"east": {"uv": [2, 8, 4, 13], "texture": "#2"},
				"south": {"uv": [12, 1, 14, 6], "texture": "#2"},
				"west": {"uv": [8, 8, 10, 13], "texture": "#2"},
				"up": {"uv": [4, 1, 6, 3], "texture": "#2"},
				"down": {"uv": [4, 5, 6, 7], "texture": "#2"}
			}
		},
		{
			"from": [6, 6, 6],
			"to": [10, 8, 10],
			"faces": {
				"north": {"uv": [9, 1, 13, 2], "texture": "#3"},
				"east": {"uv": [11, 1, 15, 2], "texture": "#3"},
				"south": {"uv": [2, 1, 6, 2], "texture": "#3"},
				"west": {"uv": [6, 1, 10, 2], "texture": "#3"},
				"up": {"uv": [10, 10, 14, 14], "texture": "#3"},
				"down": {"uv": [2, 2, 6, 6], "texture": "#3"}
			}
		},
		{
			"from": [7, 6, 4],
			"to": [9, 7, 12],
			"faces": {
				"north": {"uv": [5, 2, 7, 3], "texture": "#4"},
				"east": {"uv": [1, 6, 9, 7], "texture": "#4"},
				"south": {"uv": [3, 9, 5, 10], "texture": "#4"},
				"west": {"uv": [6, 4, 14, 5], "texture": "#4"},
				"up": {"uv": [2, 2, 10, 4], "rotation": 90, "texture": "#4"},
				"down": {"uv": [2, 3, 10, 5], "rotation": 270, "texture": "#4"}
			}
		},
		{
			"from": [4, 6, 7],
			"to": [12, 7, 9],
			"rotation": {"angle": 0, "axis": "y", "origin": [8, 6.5, 8]},
			"faces": {
				"north": {"uv": [5, 2, 13, 3], "texture": "#4"},
				"east": {"uv": [1, 6, 3, 7], "texture": "#4"},
				"south": {"uv": [3, 9, 11, 10], "texture": "#4"},
				"west": {"uv": [6, 4, 8, 5], "texture": "#4"},
				"up": {"uv": [2, 2, 10, 4], "texture": "#4"},
				"down": {"uv": [2, 3, 10, 5], "texture": "#4"}
			}
		}
	],
	"groups": [
		{
			"name": "all",
			"origin": [8, 8, 8],
			"color": 0,
			"children": [
				{
					"name": "main",
					"origin": [0, 0, 0],
					"color": 0,
					"children": [0, 1]
				},
				{
					"name": "fire",
					"origin": [0, 0, 0],
					"color": 0,
					"children": [2]
				},
				{
					"name": "stuff",
					"origin": [0, 0, 0],
					"color": 0,
					"children": [3, 4, 5, 6, 7, 8, 9]
				}
			]
		}
	]
}