{
	"credit": "Made with Blockbench",
	"texture_size": [32, 32],
	"textures": {
		"0": "assets:item/ender_pearl",
		"particle": "assets:item/ender_pearl"
	},
	"elements": [
		{
			"from": [3, 3, 3],
			"to": [13, 13, 13],
			"rotation": {"angle": 0, "axis": "y", "origin": [8, 8, 8]},
			"faces": {
				"north": {"uv": [0, 0, 5, 5], "texture": "#0"},
				"east": {"uv": [0, 5.5, 5, 10.5], "texture": "#0"},
				"south": {"uv": [5.5, 0, 10.5, 5], "texture": "#0"},
				"west": {"uv": [5.5, 5.5, 10.5, 10.5], "texture": "#0"},
				"up": {"uv": [5, 16, 0, 11], "texture": "#0"},
				"down": {"uv": [16, 0, 11, 5], "texture": "#0"}
			}
		}
	],
	"display": {
		"thirdperson_righthand": {
			"rotation": [78, 53, 52],
			"translation": [0, 3, 1],
			"scale": [0.55, 0.55, 0.55]
		},
		"thirdperson_lefthand": {
			"rotation": [49, 46, 46],
			"translation": [0, 3, 1],
			"scale": [0.55, 0.55, 0.55]
		},
		"firstperson_righthand": {
			"rotation": [0, -90, 25],
			"translation": [1.13, 3.2, 1.13],
			"scale": [0.68, 0.68, 0.68]
		},
		"firstperson_lefthand": {
			"rotation": [0, -90, 25],
			"translation": [1.13, 3.2, 1.13],
			"scale": [0.68, 0.68, 0.68]
		},
		"ground": {
			"translation": [0, 2, 0],
			"scale": [0.5, 0.5, 0.5]
		},
		"gui": {
			"rotation": [25, -48, -21],
			"scale": [0.81, 0.81, 0.81]
		},
		"head": {
			"rotation": [0, 180, 0],
			"translation": [0, -13.5, 0],
			"scale": [4, 4, 4]
		},
		"fixed": {
			"rotation": [45, 45, 45],
			"translation": [0, 0, -15],
			"scale": [3.2, 3.2, 3.2]
		}
	}
}