{
	"credit": "Made with Blockbench",
	"parent": "minecraft:block/cube_all",
	"textures": {
		"0": "assets:block/netherrack",
		"1": "assets:block/raw_gold_block",
		"particle": "assets:block/netherrack"
	},
	"elements": [
		{
			"name": "block",
			"from": [0, 0, 0],
			"to": [16, 16, 16],
			"faces": {
				"north": {"uv": [0, 0, 16, 16], "texture": "#0"},
				"east": {"uv": [0, 0, 16, 16], "texture": "#0"},
				"south": {"uv": [0, 0, 16, 16], "texture": "#0"},
				"west": {"uv": [0, 0, 16, 16], "texture": "#0"},
				"up": {"uv": [0, 0, 16, 16], "texture": "#0"},
				"down": {"uv": [0, 0, 16, 16], "texture": "#0"}
			}
		},
		{
			"from": [-0.67211, 4, 4.73043],
			"to": [4.32789, 12, 12.73043],
			"rotation": {"angle": 0, "axis": "y", "origin": [-0.17211, 8, 8.73043]},
			"faces": {
				"north": {"uv": [6, 1, 7, 5], "texture": "#1"},
				"east": {"uv": [6, 1, 10, 5], "texture": "#1"},
				"south": {"uv": [8, 1, 9, 5], "texture": "#1"},
				"west": {"uv": [6, 1, 10, 5], "texture": "#1"},
				"up": {"uv": [4, 7, 5, 11], "texture": "#1"},
				"down": {"uv": [5, 6, 6, 10], "texture": "#1"}
			}
		},
		{
			"from": [-1.17211, 4, 4.73043],
			"to": [3.82789, 12, 12.73043],
			"rotation": {"angle": 22.5, "axis": "x", "origin": [-0.17211, 8, 8.73043]},
			"faces": {
				"north": {"uv": [6, 1, 7, 5], "texture": "#1"},
				"east": {"uv": [6, 1, 10, 5], "texture": "#1"},
				"south": {"uv": [8, 1, 9, 5], "texture": "#1"},
				"west": {"uv": [6, 1, 10, 5], "texture": "#1"},
				"up": {"uv": [4, 7, 5, 11], "texture": "#1"},
				"down": {"uv": [5, 6, 6, 10], "texture": "#1"}
			}
		},
		{
			"from": [11.83351, 4, 3.02448],
			"to": [16.83351, 12, 11.02448],
			"rotation": {"angle": 0, "axis": "y", "origin": [13.33351, 8, 5.02448]},
			"faces": {
				"north": {"uv": [8, 1, 9, 5], "texture": "#1"},
				"east": {"uv": [6, 1, 10, 5], "texture": "#1"},
				"south": {"uv": [6, 1, 7, 5], "texture": "#1"},
				"west": {"uv": [6, 1, 10, 5], "texture": "#1"},
				"up": {"uv": [4, 7, 5, 11], "rotation": 180, "texture": "#1"},
				"down": {"uv": [5, 6, 6, 10], "rotation": 180, "texture": "#1"}
			}
		},
		{
			"from": [3.32789, 4, 12.23043],
			"to": [11.32789, 12, 17.23043],
			"rotation": {"angle": 0, "axis": "y", "origin": [7.32789, 8, 13.73043]},
			"faces": {
				"north": {"uv": [6, 1, 10, 5], "texture": "#1"},
				"east": {"uv": [8, 1, 9, 5], "texture": "#1"},
				"south": {"uv": [6, 1, 10, 5], "texture": "#1"},
				"west": {"uv": [6, 1, 7, 5], "texture": "#1"},
				"up": {"uv": [4, 7, 5, 11], "rotation": 270, "texture": "#1"},
				"down": {"uv": [5, 6, 6, 10], "rotation": 90, "texture": "#1"}
			}
		},
		{
			"from": [4.72457, 12.73044, 3.95463],
			"to": [12.72457, 17.73044, 11.95463],
			"rotation": {"angle": 22.5, "axis": "x", "origin": [8.72457, 15.23044, 7.95463]},
			"faces": {
				"north": {"uv": [6, 1, 7, 5], "rotation": 90, "texture": "#1"},
				"east": {"uv": [5, 6, 6, 10], "rotation": 270, "texture": "#1"},
				"south": {"uv": [8, 1, 9, 5], "rotation": 270, "texture": "#1"},
				"west": {"uv": [4, 7, 5, 11], "rotation": 270, "texture": "#1"},
				"up": {"uv": [6, 1, 10, 5], "rotation": 270, "texture": "#1"},
				"down": {"uv": [6, 1, 10, 5], "rotation": 270, "texture": "#1"}
			}
		},
		{
			"from": [2.32789, 12.5, 2.73043],
			"to": [10.32789, 17.5, 10.73043],
			"rotation": {"angle": 0, "axis": "y", "origin": [6.32789, 16, 6.73043]},
			"faces": {
				"north": {"uv": [8, 1, 9, 5], "rotation": 90, "texture": "#1"},
				"east": {"uv": [5, 6, 6, 10], "rotation": 90, "texture": "#1"},
				"south": {"uv": [6, 1, 7, 5], "rotation": 270, "texture": "#1"},
				"west": {"uv": [4, 7, 5, 11], "rotation": 90, "texture": "#1"},
				"up": {"uv": [6, 1, 10, 5], "rotation": 270, "texture": "#1"},
				"down": {"uv": [6, 1, 10, 5], "rotation": 270, "texture": "#1"}
			}
		},
		{
			"from": [2.82789, 4, 11.23043],
			"to": [10.82789, 12, 16.23043],
			"rotation": {"angle": 0, "axis": "y", "origin": [6.82789, 8, 20.73043]},
			"faces": {
				"north": {"uv": [6, 1, 10, 5], "texture": "#1"},
				"east": {"uv": [8, 1, 9, 5], "texture": "#1"},
				"south": {"uv": [6, 1, 10, 5], "texture": "#1"},
				"west": {"uv": [6, 1, 7, 5], "texture": "#1"},
				"up": {"uv": [4, 7, 5, 11], "rotation": 270, "texture": "#1"},
				"down": {"uv": [5, 6, 6, 10], "rotation": 90, "texture": "#1"}
			}
		},
		{
			"from": [12.82789, 4, 2.73043],
			"to": [17.82789, 12, 10.73043],
			"rotation": {"angle": 45, "axis": "x", "origin": [14.32789, 8, 6.73043]},
			"faces": {
				"north": {"uv": [8, 1, 9, 5], "texture": "#1"},
				"east": {"uv": [6, 1, 10, 5], "texture": "#1"},
				"south": {"uv": [6, 1, 7, 5], "texture": "#1"},
				"west": {"uv": [6, 1, 10, 5], "texture": "#1"},
				"up": {"uv": [4, 7, 5, 11], "rotation": 180, "texture": "#1"},
				"down": {"uv": [5, 6, 6, 10], "rotation": 180, "texture": "#1"}
			}
		},
		{
			"from": [5.00522, 4, -2.98744],
			"to": [13.00522, 12, 2.01256],
			"rotation": {"angle": 0, "axis": "y", "origin": [6.00522, 8, -2.48744]},
			"faces": {
				"north": {"uv": [6, 1, 10, 5], "texture": "#1"},
				"east": {"uv": [8, 1, 9, 5], "texture": "#1"},
				"south": {"uv": [6, 1, 10, 5], "texture": "#1"},
				"west": {"uv": [6, 1, 7, 5], "texture": "#1"},
				"up": {"uv": [4, 7, 5, 11], "rotation": 270, "texture": "#1"},
				"down": {"uv": [5, 6, 6, 10], "rotation": 90, "texture": "#1"}
			}
		},
		{
			"from": [5.32789, 4.31492, -2.32542],
			"to": [13.32789, 12.31492, 2.67458],
			"rotation": {"angle": 0, "axis": "y", "origin": [8.32789, 7.31492, 0.17458]},
			"faces": {
				"north": {"uv": [6, 1, 10, 5], "texture": "#1"},
				"east": {"uv": [8, 1, 9, 5], "texture": "#1"},
				"south": {"uv": [6, 1, 10, 5], "texture": "#1"},
				"west": {"uv": [6, 1, 7, 5], "texture": "#1"},
				"up": {"uv": [4, 7, 5, 11], "rotation": 270, "texture": "#1"},
				"down": {"uv": [5, 6, 6, 10], "rotation": 90, "texture": "#1"}
			}
		},
		{
			"from": [4.42137, -1.5, 4.58446],
			"to": [12.42137, 3.5, 12.58446],
			"rotation": {"angle": 0, "axis": "y", "origin": [8.42137, -3, 12.58446]},
			"faces": {
				"north": {"uv": [5, 6, 6, 10], "rotation": 270, "texture": "#1"},
				"east": {"uv": [8, 1, 9, 5], "rotation": 270, "texture": "#1"},
				"south": {"uv": [4, 7, 5, 11], "rotation": 270, "texture": "#1"},
				"west": {"uv": [6, 1, 7, 5], "rotation": 90, "texture": "#1"},
				"up": {"uv": [6, 1, 10, 5], "rotation": 180, "texture": "#1"},
				"down": {"uv": [6, 1, 10, 5], "texture": "#1"}
			}
		},
		{
			"from": [3.32789, -1.68508, 6.67458],
			"to": [11.32789, 6.31492, 11.67458],
			"rotation": {"angle": 0, "axis": "y", "origin": [7.32789, 2.31492, 8.17458]},
			"faces": {
				"north": {"uv": [6, 1, 10, 5], "texture": "#1"},
				"east": {"uv": [8, 1, 9, 5], "texture": "#1"},
				"south": {"uv": [6, 1, 10, 5], "texture": "#1"},
				"west": {"uv": [6, 1, 7, 5], "texture": "#1"},
				"up": {"uv": [4, 7, 5, 11], "rotation": 270, "texture": "#1"},
				"down": {"uv": [5, 6, 6, 10], "rotation": 90, "texture": "#1"}
			}
		}
	],
	"display": {
		"thirdperson_righthand": {
			"rotation": [75, 45, 0],
			"translation": [0, 2.5, 0],
			"scale": [0.375, 0.375, 0.375]
		},
		"thirdperson_lefthand": {
			"rotation": [75, 45, 0],
			"translation": [0, 2.5, 0],
			"scale": [0.375, 0.375, 0.375]
		},
		"firstperson_righthand": {
			"rotation": [0, 45, 0],
			"scale": [0.4, 0.4, 0.4]
		},
		"firstperson_lefthand": {
			"rotation": [0, 225, 0],
			"scale": [0.4, 0.4, 0.4]
		},
		"ground": {
			"translation": [0, 3, 0],
			"scale": [0.25, 0.25, 0.25]
		},
		"gui": {
			"rotation": [30, 225, 0],
			"scale": [0.625, 0.625, 0.625]
		},
		"head": {
			"rotation": [0, 180, 0],
			"translation": [0, 13, 7]
		},
		"fixed": {
			"scale": [0.5, 0.5, 0.5]
		}
	},
	"groups": [
		{
			"name": "all",
			"origin": [8, 8, 8],
			"color": 0,
			"children": [
				0,
				{
					"name": "ore",
					"origin": [0, 0, 0],
					"color": 0,
					"children": [
						{
							"name": "a",
							"origin": [-0.17211, 8, 8.73043],
							"color": 0,
							"children": [1, 2]
						},
						{
							"name": "b",
							"origin": [-0.17211, 8, 8.73043],
							"color": 0,
							"children": [3, 4]
						},
						{
							"name": "c",
							"origin": [-0.17211, 8, 8.73043],
							"color": 0,
							"children": [5, 6]
						},
						{
							"name": "d",
							"origin": [-0.17211, 8, 8.73043],
							"color": 0,
							"children": [7, 8]
						},
						{
							"name": "e",
							"origin": [-0.17211, 8, 8.73043],
							"color": 0,
							"children": [9, 10]
						},
						{
							"name": "f",
							"origin": [-0.17211, 8, 8.73043],
							"color": 0,
							"children": [11, 12]
						}
					]
				}
			]
		}
	]
}