{
	"credit": "Made with Blockbench",
	"ambientocclusion": false,
	"textures": {
		"0": "assets:block/smoker_bottom",
		"2": "assets:block/smoker_side",
		"5": "assets:block/end_stone",
		"6": "assets:block/lodestone_top",
		"7": "assets:block/polished_diorite",
		"8": "assets:block/magma",
		"particle": "assets:block/smoker_bottom"
	},
	"elements": [
		{
			"from": [0, 0, 0],
			"to": [16, 10, 16],
			"faces": {
				"north": {"uv": [0, 0, 16, 10], "texture": "#2"},
				"east": {"uv": [0, 0, 16, 10], "texture": "#2"},
				"south": {"uv": [0, 0, 16, 10], "texture": "#2"},
				"west": {"uv": [0, 0, 16, 10], "texture": "#2"},
				"up": {"uv": [0, 0, 16, 16], "texture": "#7"},
				"down": {"uv": [0, 0, 16, 16], "texture": "#0"}
			}
		},
		{
			"from": [4, 10, 4],
			"to": [12, 12, 12],
			"faces": {
				"north": {"uv": [2, 7, 9, 9], "texture": "#8"},
				"east": {"uv": [6, 8, 13, 10], "texture": "#8"},
				"south": {"uv": [5, 3, 12, 5], "texture": "#8"},
				"west": {"uv": [8, 6, 15, 8], "texture": "#8"},
				"up": {"uv": [9, 6, 13, 10], "texture": "#8"},
				"down": {"uv": [4, 6, 8, 10], "texture": "#8"}
			}
		},
		{
			"from": [13, 14, 2],
			"to": [14, 15, 14],
			"faces": {
				"north": {"uv": [0, 0, 1, 1], "texture": "#5"},
				"east": {"uv": [0, 0, 12, 1], "texture": "#5"},
				"south": {"uv": [0, 0, 1, 1], "texture": "#5"},
				"west": {"uv": [0, 0, 12, 1], "texture": "#5"},
				"up": {"uv": [0, 0, 1, 12], "texture": "#5"},
				"down": {"uv": [0, 0, 1, 12], "texture": "#5"}
			}
		},
		{
			"from": [3, 14, 13],
			"to": [13, 15, 14],
			"faces": {
				"north": {"uv": [0, 0, 10, 1], "texture": "#5"},
				"east": {"uv": [0, 0, 1, 1], "texture": "#5"},
				"south": {"uv": [0, 0, 10, 1], "texture": "#5"},
				"west": {"uv": [0, 0, 1, 1], "texture": "#5"},
				"up": {"uv": [0, 0, 1, 10], "rotation": 90, "texture": "#5"},
				"down": {"uv": [0, 0, 1, 10], "rotation": 270, "texture": "#5"}
			}
		},
		{
			"from": [3, 14, 2],
			"to": [13, 15, 3],
			"faces": {
				"north": {"uv": [0, 0, 10, 1], "texture": "#5"},
				"east": {"uv": [0, 0, 1, 1], "texture": "#5"},
				"south": {"uv": [0, 0, 10, 1], "texture": "#5"},
				"west": {"uv": [0, 0, 1, 1], "texture": "#5"},
				"up": {"uv": [0, 0, 1, 10], "rotation": 90, "texture": "#5"},
				"down": {"uv": [0, 0, 1, 10], "rotation": 270, "texture": "#5"}
			}
		},
		{
			"from": [2, 14, 2],
			"to": [3, 15, 14],
			"rotation": {"angle": 0, "axis": "y", "origin": [2.5, 14.5, 8]},
			"faces": {
				"north": {"uv": [0, 0, 1, 1], "texture": "#5"},
				"east": {"uv": [0, 0, 12, 1], "texture": "#5"},
				"south": {"uv": [0, 0, 1, 1], "texture": "#5"},
				"west": {"uv": [0, 0, 12, 1], "texture": "#5"},
				"up": {"uv": [0, 0, 1, 12], "texture": "#5"},
				"down": {"uv": [0, 0, 1, 12], "texture": "#5"}
			}
		},
		{
			"from": [2, 12, 2],
			"to": [14, 14, 14],
			"faces": {
				"north": {"uv": [3, 0, 13, 1], "texture": "#6"},
				"east": {"uv": [3, 0, 13, 1], "texture": "#6"},
				"south": {"uv": [3, 0, 13, 1], "texture": "#6"},
				"west": {"uv": [3, 0, 13, 1], "texture": "#6"},
				"up": {"uv": [3, 3, 13, 13], "texture": "#6"},
				"down": {"uv": [3, 3, 13, 13], "texture": "#6"}
			}
		},
		{
			"from": [-4, 13, 7],
			"to": [2, 14, 9],
			"faces": {
				"north": {"uv": [0, 0, 6, 1], "texture": "#6"},
				"east": {"uv": [0, 0, 2, 1], "texture": "#6"},
				"south": {"uv": [0, 0, 6, 1], "texture": "#6"},
				"west": {"uv": [0, 0, 2, 1], "texture": "#6"},
				"up": {"uv": [0, 0, 6, 2], "texture": "#6"},
				"down": {"uv": [0, 0, 6, 2], "texture": "#6"}
			}
		}
	],
	"gui_light": "front",
	"display": {
		"thirdperson_righthand": {
			"rotation": [0, -90, 0],
			"translation": [0, 2.5, 0.75],
			"scale": [0.51, 0.51, 0.51]
		},
		"thirdperson_lefthand": {
			"rotation": [0, 90, 0],
			"translation": [0, 2.5, 0.75],
			"scale": [0.51, 0.51, 0.51]
		},
		"firstperson_righthand": {
			"rotation": [0, 87, 0],
			"translation": [0, 2, 0],
			"scale": [0.51, 0.51, 0.51]
		},
		"firstperson_lefthand": {
			"rotation": [0, -87, 0],
			"translation": [0, 2, 0],
			"scale": [0.51, 0.51, 0.51]
		},
		"ground": {
			"rotation": [5, 0, -3],
			"translation": [0, 1, 0],
			"scale": [0.51, 0.51, 0.51]
		},
		"gui": {
			"rotation": [20, 135, 0],
			"scale": [0.63, 0.63, 0.63]
		},
		"head": {
			"rotation": [0, 90, 0],
			"translation": [0, 10.5, 0],
			"scale": [0.5, 0.5, 0.5]
		},
		"fixed": {
			"rotation": [-90, -90, 0],
			"translation": [0, 0, -14.5],
			"scale": [2, 2, 2]
		}
	},
	"groups": [
		{
			"name": "all",
			"origin": [8, 8, 8],
			"color": 0,
			"children": [
				{
					"name": "main",
					"origin": [0, 0, 0],
					"color": 0,
					"children": [0]
				},
				{
					"name": "fire",
					"origin": [0, 0, 0],
					"color": 0,
					"children": [1]
				},
				{
					"name": "rim",
					"origin": [0, 0, 0],
					"color": 0,
					"children": [2, 3, 4, 5]
				},
				{
					"name": "pan",
					"origin": [8, 8, 8],
					"color": 0,
					"children": [6, 7]
				}
			]
		}
	]
}