{
	"credit": "Made with Blockbench",
	"parent": "minecraft:block/cube_all",
	"textures": {
		"1": "assets:block/anvil",
		"2": "assets:block/spawner",
		"particle": "assets:block/anvil"
	},
	"elements": [
		{
			"from": [0, 0, 0],
			"to": [16, 16, 16],
			"rotation": {"angle": 45, "axis": "y", "origin": [8, 8, 8]},
			"faces": {
				"north": {"uv": [0, 0, 16, 16], "texture": "#2"},
				"east": {"uv": [0, 0, 16, 16], "texture": "#2"},
				"south": {"uv": [0, 0, 16, 16], "texture": "#2"},
				"west": {"uv": [0, 0, 16, 16], "texture": "#2"},
				"up": {"uv": [0, 0, 16, 16], "texture": "#2"},
				"down": {"uv": [0, 0, 16, 16], "texture": "#2"}
			}
		},
		{
			"from": [0, 0, 0],
			"to": [16, 16, 16],
			"rotation": {"angle": 45, "axis": "x", "origin": [8, 8, 8]},
			"faces": {
				"north": {"uv": [0, 0, 16, 16], "texture": "#2"},
				"east": {"uv": [0, 0, 16, 16], "texture": "#2"},
				"south": {"uv": [0, 0, 16, 16], "texture": "#2"},
				"west": {"uv": [0, 0, 16, 16], "texture": "#2"},
				"up": {"uv": [0, 0, 16, 16], "texture": "#2"},
				"down": {"uv": [0, 0, 16, 16], "texture": "#2"}
			}
		},
		{
			"from": [0, 0, 0],
			"to": [16, 16, 16],
			"rotation": {"angle": 45, "axis": "z", "origin": [8, 8, 8]},
			"faces": {
				"north": {"uv": [0, 0, 16, 16], "texture": "#2"},
				"east": {"uv": [0, 0, 16, 16], "texture": "#2"},
				"south": {"uv": [0, 0, 16, 16], "texture": "#2"},
				"west": {"uv": [0, 0, 16, 16], "texture": "#2"},
				"up": {"uv": [0, 0, 16, 16], "texture": "#2"},
				"down": {"uv": [0, 0, 16, 16], "texture": "#2"}
			}
		},
		{
			"from": [7, 16, 7],
			"to": [9, 32, 9],
			"faces": {
				"north": {"uv": [0, 0, 2, 16], "texture": "#1"},
				"east": {"uv": [0, 0, 2, 16], "texture": "#1"},
				"south": {"uv": [0, 0, 2, 16], "texture": "#1"},
				"west": {"uv": [0, 0, 2, 16], "texture": "#1"},
				"up": {"uv": [0, 0, 2, 2], "texture": "#1"},
				"down": {"uv": [0, 0, 2, 2], "texture": "#1"}
			}
		},
		{
			"from": [7, 7, 16],
			"to": [9, 9, 32],
			"rotation": {"angle": 0, "axis": "x", "origin": [8, 8, 8]},
			"faces": {
				"north": {"uv": [0, 0, 2, 2], "rotation": 180, "texture": "#1"},
				"east": {"uv": [0, 0, 2, 16], "rotation": 270, "texture": "#1"},
				"south": {"uv": [0, 0, 2, 2], "texture": "#1"},
				"west": {"uv": [0, 0, 2, 16], "rotation": 90, "texture": "#1"},
				"up": {"uv": [0, 0, 2, 16], "rotation": 180, "texture": "#1"},
				"down": {"uv": [0, 0, 2, 16], "texture": "#1"}
			}
		},
		{
			"from": [-16, 7, 7],
			"to": [0, 9, 9],
			"rotation": {"angle": 0, "axis": "z", "origin": [8, 8, 8]},
			"faces": {
				"north": {"uv": [0, 0, 2, 16], "rotation": 90, "texture": "#1"},
				"east": {"uv": [0, 0, 2, 2], "rotation": 270, "texture": "#1"},
				"south": {"uv": [0, 0, 2, 16], "rotation": 270, "texture": "#1"},
				"west": {"uv": [0, 0, 2, 2], "rotation": 270, "texture": "#1"},
				"up": {"uv": [0, 0, 2, 16], "rotation": 270, "texture": "#1"},
				"down": {"uv": [0, 0, 2, 16], "rotation": 270, "texture": "#1"}
			}
		},
		{
			"from": [7, 7, -16],
			"to": [9, 9, 0],
			"rotation": {"angle": 0, "axis": "y", "origin": [8, 8, 8]},
			"faces": {
				"north": {"uv": [0, 0, 2, 2], "rotation": 270, "texture": "#1"},
				"east": {"uv": [0, 0, 2, 16], "rotation": 90, "texture": "#1"},
				"south": {"uv": [0, 0, 2, 2], "rotation": 270, "texture": "#1"},
				"west": {"uv": [0, 0, 2, 16], "rotation": 270, "texture": "#1"},
				"up": {"uv": [0, 0, 2, 16], "texture": "#1"},
				"down": {"uv": [0, 0, 2, 16], "rotation": 180, "texture": "#1"}
			}
		},
		{
			"from": [16, 7, 7],
			"to": [32, 9, 9],
			"rotation": {"angle": 0, "axis": "y", "origin": [8, 8, 8]},
			"faces": {
				"north": {"uv": [0, 0, 2, 16], "rotation": 270, "texture": "#1"},
				"east": {"uv": [0, 0, 2, 2], "rotation": 270, "texture": "#1"},
				"south": {"uv": [0, 0, 2, 16], "rotation": 90, "texture": "#1"},
				"west": {"uv": [0, 0, 2, 2], "rotation": 270, "texture": "#1"},
				"up": {"uv": [0, 0, 2, 16], "rotation": 90, "texture": "#1"},
				"down": {"uv": [0, 0, 2, 16], "rotation": 90, "texture": "#1"}
			}
		},
		{
			"from": [7, -16, 7],
			"to": [9, 0, 9],
			"rotation": {"angle": 0, "axis": "x", "origin": [8, 8, 8]},
			"faces": {
				"north": {"uv": [0, 0, 2, 16], "rotation": 180, "texture": "#1"},
				"east": {"uv": [0, 0, 2, 16], "rotation": 180, "texture": "#1"},
				"south": {"uv": [0, 0, 2, 16], "rotation": 180, "texture": "#1"},
				"west": {"uv": [0, 0, 2, 16], "rotation": 180, "texture": "#1"},
				"up": {"uv": [0, 0, 2, 2], "texture": "#1"},
				"down": {"uv": [0, 0, 2, 2], "texture": "#1"}
			}
		}
	],
	"display": {
		"thirdperson_righthand": {
			"rotation": [75, 45, 0],
			"translation": [0, 2.5, 0],
			"scale": [0.375, 0.375, 0.375]
		},
		"thirdperson_lefthand": {
			"rotation": [75, 45, 0],
			"translation": [0, 2.5, 0],
			"scale": [0.375, 0.375, 0.375]
		},
		"firstperson_righthand": {
			"rotation": [0, 45, 0],
			"scale": [0.4, 0.4, 0.4]
		},
		"firstperson_lefthand": {
			"rotation": [0, 225, 0],
			"scale": [0.4, 0.4, 0.4]
		},
		"ground": {
			"translation": [0, 3, 0],
			"scale": [0.25, 0.25, 0.25]
		},
		"gui": {
			"rotation": [30, 225, 0],
			"scale": [0.625, 0.625, 0.625]
		},
		"fixed": {
			"rotation": [-90, -90, 0],
			"translation": [0, 0, -14.5],
			"scale": [2, 2, 2]
		}
	},
	"groups": [
		{
			"name": "all",
			"origin": [0, 0, 0],
			"color": 0,
			"children": [
				{
					"name": "spawner",
					"origin": [8, 8, 8],
					"color": 0,
					"children": [0, 1, 2]
				},
				{
					"name": "spoke",
					"origin": [8, 8, 8],
					"color": 0,
					"children": [3, 4, 5, 6, 7, 8]
				}
			]
		}
	]
}